{
  "final_net": 1156.1794799759316,
  "trades_count": 3,
  "trade_pnl": {
    "count": 1,
    "mean": 157.27741521682614,
    "median": 157.27741521682614,
    "std_pop": 0.0,
    "min": 157.27741521682614,
    "max": 157.27741521682614
  },
  "max_drawdown": 0.011985992634555916,
  "drawdown_summary": {
    "dd_min": 0.0,
    "dd_median": 0.008211994113311848,
    "dd_max": 0.011985992634555916
  }
}