{
  "final_net": 939.5813852528963,
  "trades_count": 2,
  "trade_pnl": {
    "count": 1,
    "mean": -60.418614747103675,
    "median": -60.418614747103675,
    "std_pop": 0.0,
    "min": -60.418614747103675,
    "max": -60.418614747103675
  },
  "max_drawdown": 0.06041861474710367,
  "drawdown_summary": {
    "dd_min": 0.0,
    "dd_median": 0.0320973672906839,
    "dd_max": 0.06041861474710367
  }
}